{"stat.pickup.zawa.powder_grate":1,"stat.pickup.rustic.wildberry_bush":2,"stat.recordPlayed":6,"stat.useItem.malisisdoors.rustyhatch":13,"stat.leaveGame":3,"stat.pickup.chisel.planks-oak":2,"stat.useItem.variedcommodities.demonic_broadsword":7,"stat.drop.chisel.planks-oak":2,"stat.pickup.thebetweenlands.waterlogged":1,"stat.useItem.netherex.blazed_amedian_axe":8,"stat.useItem.minecraft.diamond_sword":7,"stat.pickup.thebetweenlands.tar_solid_slab":2,"stat.jump":1501,"stat.swimOneCm":3119,"stat.fallOneCm":811,"stat.climbOneCm":2779,"stat.pickup.minecraft.iron_ingot":3,"stat.drop.minecraft.stone":1,"stat.pickup.of.candle":1,"stat.pickup.minecraft.porkchop":6,"stat.pickup.minecraft.gunpowder":2,"stat.crouchOneCm":16520,"stat.useItem.extrautils2.luxsaber":3,"stat.useItem.minecraft.stone_slab2":3136,"stat.pickup.customnpcs.npcwand":1,"stat.useItem.minecraft.water_bucket":12,"stat.pickup.leatherworks.rawhide_pig":1,"stat.useItem.minecraft.diamond_hoe":167,"stat.pickup.rustic.tomato_seeds":4,"stat.pickup.minecraft.cookie":6,"stat.damageTaken":160,"stat.useItem.chisel.carpet_purple":118,"stat.killEntity.Enderman":1,"stat.useItem.variedcommodities.demonic_sword":3,"stat.pickup.minecraft.record_chirp":3,"stat.flyOneCm":859210,"stat.pickup.mowziesmobs.barakoa_mask_misery":1,"stat.pickup.zawa.rhino_hide":2,"stat.pickup.minecraft.wheat_seeds":7,"stat.damageDealt":3130,"stat.timeSinceDeath":168365,"stat.killEntity.Cow":3,"stat.useItem.minecraft.spawn_egg":14,"stat.useItem.minecraft.wooden_slab":4,"stat.killEntity.Pig":2,"stat.useItem.minecraft.iron_shovel":125,"stat.pickup.minecraft.record_13":1,"stat.walkOneCm":460481,"stat.pickup.of.coffee_bean":1,"stat.pickup.rustic.wildberries":2,"stat.pickup.chisel.carpet_purple":1,"stat.useItem.zawa.powder_grate":6,"stat.killEntity.Creeper":1,"stat.talkedToVillager":3,"stat.pickup.minecraft.log":1,"stat.drop.customnpcs.npcwand":1,"stat.pickup.minecraft.beef":6,"stat.pickup.zawa.large_meat_raw":1,"stat.pickup.minecraft.stone":1,"stat.pickup.ferdinandsflowers.block_cff_dark":1,"stat.pickup.treasure2.spider_chest":1,"stat.pickup.minecraft.ender_pearl":1,"stat.sprintOneCm":163117,"stat.pickup.minecraft.ladder":1,"stat.useItem.minecraft.snowball":5,"stat.useItem.minecraft.flint_and_steel":2,"stat.pickup.cannibalism.playerflesh":3,"stat.mobKills":15,"stat.pickup.minecraft.emerald":56,"stat.pickup.mowziesmobs.barakoa_mask_bliss":1,"stat.pickup.minecraft.spawn_egg":1,"stat.deaths":1,"stat.pickup.ferdinandsflowers.block_cff_doublesb":6,"stat.useItem.netherex.withered_amedian_sword":11,"stat.drop":4,"stat.playOneMinute":178317,"stat.sneakTime":5464,"stat.pickup.rustic.chili_pepper_seeds":5,"stat.pickup.ferdinandsflowers.block_cff_flowers":3,"stat.useItem.chisel.planks-oak":388,"stat.pickup.zawa.care_guide":1,"stat.pickup.harvestcraft.coffeeitem":1,"stat.pickup.minecraft.snowball":8,"stat.pickup.ferdinandsflowers.block_cff_flowersd":2,"stat.pickup.ferdinandsflowers.block_cff_flowerse":5,"stat.pickup.ferdinandsflowers.block_cff_flowersc":3,"stat.diveOneCm":3477}