{"stat.useItem.chiselsandbits.chiseled_wood":41,"stat.leaveGame":6,"stat.pickup.chisel.planks-oak":2,"stat.useItem.variedcommodities.demonic_broadsword":7,"stat.useItem.netherex.blazed_amedian_axe":8,"stat.useItem.minecraft.diamond_sword":7,"stat.pickup.thebetweenlands.tar_solid_slab":2,"stat.pickup.rustic.chain":2,"stat.swimOneCm":5068,"stat.climbOneCm":2779,"stat.pickup.minecraft.porkchop":6,"stat.enderchestOpened":1,"stat.useItem.minecraft.dirt":41,"stat.useItem.minecraft.stone_slab2":7804,"stat.pickup.customnpcs.npcwand":1,"stat.useItem.minecraft.water_bucket":29,"stat.useItem.minecraft.diamond_hoe":755,"stat.drop.extrautils2.snowglobe":1,"stat.drop.cfm.item_knife":1,"stat.killEntity.Enderman":1,"stat.useItem.variedcommodities.demonic_sword":3,"stat.pickup.minecraft.record_chirp":3,"stat.flyOneCm":1685131,"stat.pickup.zawa.zebra_leather":1,"stat.pickup.mowziesmobs.barakoa_mask_misery":1,"stat.pickup.zawa.rhino_hide":2,"stat.timeSinceDeath":376145,"stat.useItem.minecraft.spawn_egg":14,"stat.useItem.minecraft.wooden_slab":14,"stat.useItem.minecraft.iron_shovel":286,"stat.pickup.chiselsandbits.chiseled_glass":1,"stat.useItem.chiselsandbits.chiseled_glass":15,"stat.pickup.rustic.wildberries":2,"stat.pickup.minecraft.stonebrick":2,"stat.furnaceInteraction":1,"stat.useItem.minecraft.dark_oak_stairs":4,"stat.pickup.cfm.item_knife":1,"stat.useItem.zawa.powder_grate":6,"stat.killEntity.Creeper":1,"stat.talkedToVillager":3,"stat.pickup.minecraft.nether_brick":1,"stat.drop.customnpcs.npcwand":1,"stat.pickup.minecraft.beef":6,"stat.pickup.zawa.large_meat_raw":2,"stat.pickup.ferdinandsflowers.block_cff_dark":1,"stat.pickup.treasure2.spider_chest":1,"stat.sprintOneCm":298777,"stat.useItem.minecraft.stone_slab":15,"stat.drop.extrautils2.itemcreativedestructionwand":1,"stat.pickup.cfm.crate":3,"stat.useItem.minecraft.snowball":5,"stat.useItem.minecraft.flint_and_steel":2,"stat.useItem.minecraft.wheat_seeds":100,"stat.pickup.minecraft.grass":1,"stat.pickup.minecraft.emerald":56,"stat.useItem.extrautils2.itembuilderswand":23,"stat.pickup.minecraft.spawn_egg":1,"stat.deaths":1,"stat.drop":7,"stat.playOneMinute":386097,"stat.pickup.ferdinandsflowers.block_cff_flowers":3,"stat.useItem.chisel.planks-oak":388,"stat.pickup.zawa.care_guide":1,"stat.pickup.harvestcraft.coffeeitem":1,"stat.pickup.minecraft.snowball":8,"stat.diveOneCm":4195,"stat.pickup.minecraft.wheat":3,"stat.pickup.zawa.ivory_tusk":1,"stat.pickup.zawa.powder_grate":1,"stat.pickup.rustic.wildberry_bush":2,"stat.recordPlayed":6,"stat.useItem.malisisdoors.rustyhatch":13,"stat.pickup.casinocraft.arcade_base_red":1,"stat.drop.chisel.planks-oak":2,"stat.pickup.thebetweenlands.waterlogged":1,"stat.jump":2435,"stat.fallOneCm":811,"stat.pickup.minecraft.iron_ingot":3,"stat.drop.minecraft.stone":1,"stat.pickup.of.candle":1,"stat.pickup.minecraftfuture.lantern":1,"stat.pickup.minecraft.gunpowder":2,"stat.crouchOneCm":34634,"stat.useItem.extrautils2.luxsaber":5,"stat.useItem.microblockcbe.microblock":58,"stat.pickup.minecraft.dirt":10,"stat.pickup.minecraft.red_mushroom":2,"stat.craftingTableInteraction":24,"stat.pickup.leatherworks.rawhide_pig":1,"stat.pickup.rustic.tomato_seeds":4,"stat.pickup.minecraft.cookie":6,"stat.damageTaken":160,"stat.useItem.chisel.carpet_purple":118,"stat.pickup.minecraft.wheat_seeds":9,"stat.pickup.minecraft.stained_glass":1,"stat.damageDealt":4240,"stat.pickup.zawa.bush_meat_raw":1,"stat.killEntity.Cow":3,"stat.killEntity.Pig":2,"stat.pickup.minecraft.record_13":1,"stat.walkOneCm":919087,"stat.pickup.of.coffee_bean":1,"stat.pickup.zawa.elephant_leather":2,"stat.pickup.chisel.carpet_purple":1,"stat.pickup.minecraft.log":1,"stat.pickup.minecraft.stone":1,"stat.pickup.minecraft.ender_pearl":1,"stat.pickup.minecraft.ladder":1,"stat.pickup.cannibalism.playerflesh":3,"stat.mobKills":18,"stat.useItem.minecraft.stonebrick":52,"stat.useItem.minecraftfuture.lantern":5,"stat.useItem.thebetweenlands.tar_solid_slab":143,"stat.pickup.mowziesmobs.barakoa_mask_bliss":1,"stat.pickup.ferdinandsflowers.block_cff_doublesb":6,"stat.useItem.netherex.withered_amedian_sword":11,"stat.sneakTime":12750,"stat.pickup.rustic.chili_pepper_seeds":5,"stat.pickup.ferdinandsflowers.block_cff_flowersd":2,"stat.pickup.ferdinandsflowers.block_cff_flowerse":5,"stat.pickup.ferdinandsflowers.block_cff_flowersc":3}