{"stat.useItem.minecraft.bow":1,"stat.useItem.chiselsandbits.chiseled_wood":27,"stat.drop.opframe.opframe":2,"stat.leaveGame":5,"stat.killEntity.bee":1,"stat.useItem.chiselsandbits.block_bit":42,"stat.swimOneCm":896,"stat.climbOneCm":989,"stat.useItem.minecraft.planks":84,"stat.pickup.casinocraft.arcade_base_lightblue":1,"stat.pickup.cfm.lamp_off":1,"stat.pickup.modernlamps.ceiling_lamp_01":3,"stat.pickup.minecraft.glass":1,"stat.useItem.minecraft.dirt":6,"stat.useItem.minecraft.stone_slab2":2301,"stat.pickup.customnpcs.npcwand":1,"stat.useItem.modernlamps.ceiling_lamp_01":3,"stat.pickup.minecraft.rotten_flesh":2,"stat.pickup.extrautils2.snowglobe":1,"stat.useItem.cfm.lamp_off":4,"stat.useItem.opframe.opframe":9,"stat.useItem.customnpcs.npcsoulstonefilled":10,"stat.pickup.minecraft.record_chirp":3,"stat.pickup.minecraft.cobblestone":1,"stat.flyOneCm":1545579,"stat.pickup.of.mug":1,"stat.useItem.securitycraft.bucket_f_water":1,"stat.useItem.rustic.fluid_bottle":2,"stat.pickup.cfm.cabinet_dark_oak":1,"stat.timeSinceDeath":434126,"stat.pickup.harvestcraft.rootbeerfloatitem":2,"stat.useItem.minecraft.spawn_egg":1,"stat.drop.rustic.chili_pepper_seeds":1,"stat.pickup.chiselsandbits.block_bit":108,"stat.useItem.chiselsandbits.chiseled_glass":10,"stat.pickup.minecraft.dark_oak_door":1,"stat.pickup.minecraft.stonebrick":2,"stat.drop.minecraft.dirt":1,"stat.drop.customnpcs.npcwand":1,"stat.useItem.minecraft.milk_bucket":1,"stat.sprintOneCm":165945,"stat.useItem.cfm.light_switch_off":3,"stat.useItem.minecraft.dark_oak_door":2,"stat.useItem.minecraft.stone_slab":3,"stat.deaths":1,"stat.drop":10,"stat.playOneMinute":453345,"stat.pickup.cfm.plate":2,"stat.useItem.chisel.planks-oak":302,"stat.pickup.zawa.care_guide":1,"stat.pickup.chiselsandbits.chisel_diamond":1,"stat.useItem.minecraft.splash_potion":2,"stat.recordPlayed":3,"stat.useItem.malisisdoors.rustyhatch":33,"stat.useItem.minecraft.stone":1,"stat.pickup.of.table":1,"stat.drop.chiselsandbits.chisel_diamond":1,"stat.pickup.modernlamps.suspended_neon":1,"stat.pickup.of.lightswitch":1,"stat.useItem.chisel.stonebrick":15,"stat.jump":817,"stat.fallOneCm":404,"stat.pickup.modernlamps.ceiling_neon_lamp":1,"stat.crouchOneCm":75302,"stat.pickup.minecraft.dirt":11,"stat.craftingTableInteraction":25,"stat.pickup.chisel.planks-birch":1,"stat.mineBlock.cfm.light_switch_off":1,"stat.pickup.rustic.tomato_seeds":1,"stat.pickup.minecraft.cookie":1,"stat.damageTaken":20,"stat.useItem.chisel.carpet_purple":13,"stat.useItem.customnpcs.npcwand":10,"stat.pickup.opframe.opframe":1,"stat.damageDealt":261,"stat.useItem.mowziesmobs.spawn_egg":1,"stat.walkOneCm":643522,"stat.drop.minecraft.rotten_flesh":2,"stat.pickup.chisel.carpet_purple":2,"stat.useItem.ferdinandsflowers.block_cff_flowersd":4,"stat.pickup.cannibalism.playerflesh":3,"stat.drop.chiselsandbits.chiseled_glass":1,"stat.pickup.minecraft.dark_oak_stairs":1,"stat.mobKills":2,"stat.useItem.minecraft.stonebrick":273,"stat.pickup.minecraft.diamond":32,"stat.pickup.extrautils2.itemcreativedestructionwand":1,"stat.pickup.of.gramophone":1,"stat.sneakTime":26837,"stat.pickup.rustic.chili_pepper_seeds":1,"stat.pickup.cfm.light_switch_off":1,"stat.pickup.cfm.tv_remote":1,"stat.pickup.ferdinandsflowers.block_cff_flowersd":1,"stat.drop.minecraft.grass":1}