{"stat.useItem.minecraft.bow":1,"stat.useItem.minecraft.splash_potion":2,"stat.recordPlayed":3,"stat.useItem.malisisdoors.rustyhatch":33,"stat.useItem.minecraft.stone":1,"stat.leaveGame":4,"stat.pickup.modernlamps.suspended_neon":1,"stat.pickup.of.lightswitch":1,"stat.jump":330,"stat.swimOneCm":896,"stat.fallOneCm":404,"stat.climbOneCm":989,"stat.pickup.modernlamps.ceiling_neon_lamp":1,"stat.pickup.casinocraft.arcade_base_lightblue":1,"stat.pickup.cfm.lamp_off":1,"stat.pickup.modernlamps.ceiling_lamp_01":3,"stat.crouchOneCm":27528,"stat.useItem.minecraft.stone_slab2":504,"stat.pickup.customnpcs.npcwand":1,"stat.useItem.modernlamps.ceiling_lamp_01":3,"stat.craftingTableInteraction":3,"stat.pickup.minecraft.rotten_flesh":2,"stat.useItem.cfm.lamp_off":4,"stat.mineBlock.cfm.light_switch_off":1,"stat.pickup.minecraft.cookie":1,"stat.damageTaken":20,"stat.useItem.chisel.carpet_purple":13,"stat.useItem.customnpcs.npcsoulstonefilled":9,"stat.pickup.minecraft.record_chirp":3,"stat.useItem.customnpcs.npcwand":6,"stat.flyOneCm":598497,"stat.pickup.of.mug":1,"stat.useItem.securitycraft.bucket_f_water":1,"stat.damageDealt":161,"stat.useItem.mowziesmobs.spawn_egg":1,"stat.timeSinceDeath":145206,"stat.drop.rustic.chili_pepper_seeds":1,"stat.walkOneCm":303518,"stat.drop.minecraft.rotten_flesh":2,"stat.pickup.minecraft.dark_oak_door":1,"stat.drop.minecraft.dirt":1,"stat.pickup.chisel.carpet_purple":2,"stat.drop.customnpcs.npcwand":1,"stat.useItem.minecraft.milk_bucket":1,"stat.sprintOneCm":77793,"stat.useItem.cfm.light_switch_off":3,"stat.useItem.minecraft.dark_oak_door":2,"stat.pickup.cannibalism.playerflesh":3,"stat.mobKills":1,"stat.deaths":1,"stat.drop":5,"stat.pickup.minecraft.diamond":32,"stat.playOneMinute":164425,"stat.pickup.of.gramophone":1,"stat.sneakTime":6700,"stat.pickup.rustic.chili_pepper_seeds":1,"stat.pickup.cfm.light_switch_off":1,"stat.pickup.zawa.care_guide":1}