{"stat.useItem.minecraft.bow":1,"stat.useItem.chiselsandbits.chiseled_wood":20,"stat.useItem.minecraft.splash_potion":2,"stat.recordPlayed":3,"stat.useItem.malisisdoors.rustyhatch":33,"stat.useItem.minecraft.stone":1,"stat.leaveGame":4,"stat.killEntity.bee":1,"stat.drop.chiselsandbits.chisel_diamond":1,"stat.pickup.modernlamps.suspended_neon":1,"stat.useItem.chiselsandbits.block_bit":42,"stat.pickup.of.lightswitch":1,"stat.useItem.chisel.stonebrick":15,"stat.jump":529,"stat.swimOneCm":896,"stat.fallOneCm":404,"stat.climbOneCm":989,"stat.useItem.minecraft.planks":39,"stat.pickup.modernlamps.ceiling_neon_lamp":1,"stat.pickup.casinocraft.arcade_base_lightblue":1,"stat.pickup.cfm.lamp_off":1,"stat.pickup.modernlamps.ceiling_lamp_01":3,"stat.crouchOneCm":57817,"stat.pickup.minecraft.glass":1,"stat.useItem.minecraft.stone_slab2":1931,"stat.pickup.customnpcs.npcwand":1,"stat.useItem.modernlamps.ceiling_lamp_01":3,"stat.craftingTableInteraction":23,"stat.pickup.minecraft.rotten_flesh":2,"stat.pickup.chisel.planks-birch":1,"stat.pickup.extrautils2.snowglobe":1,"stat.useItem.cfm.lamp_off":4,"stat.mineBlock.cfm.light_switch_off":1,"stat.pickup.minecraft.cookie":1,"stat.damageTaken":20,"stat.useItem.chisel.carpet_purple":13,"stat.useItem.customnpcs.npcsoulstonefilled":9,"stat.pickup.minecraft.record_chirp":3,"stat.useItem.customnpcs.npcwand":9,"stat.flyOneCm":1108514,"stat.pickup.of.mug":1,"stat.useItem.securitycraft.bucket_f_water":1,"stat.useItem.rustic.fluid_bottle":2,"stat.damageDealt":261,"stat.useItem.mowziesmobs.spawn_egg":1,"stat.timeSinceDeath":260934,"stat.useItem.minecraft.spawn_egg":1,"stat.drop.rustic.chili_pepper_seeds":1,"stat.pickup.chiselsandbits.block_bit":108,"stat.walkOneCm":428377,"stat.useItem.chiselsandbits.chiseled_glass":10,"stat.drop.minecraft.rotten_flesh":2,"stat.pickup.minecraft.dark_oak_door":1,"stat.pickup.minecraft.stonebrick":2,"stat.drop.minecraft.dirt":1,"stat.pickup.chisel.carpet_purple":2,"stat.drop.customnpcs.npcwand":1,"stat.useItem.minecraft.milk_bucket":1,"stat.sprintOneCm":102270,"stat.useItem.cfm.light_switch_off":3,"stat.useItem.minecraft.dark_oak_door":2,"stat.pickup.cannibalism.playerflesh":3,"stat.drop.chiselsandbits.chiseled_glass":1,"stat.pickup.minecraft.dark_oak_stairs":1,"stat.mobKills":2,"stat.useItem.minecraft.stonebrick":273,"stat.deaths":1,"stat.drop":7,"stat.pickup.minecraft.diamond":32,"stat.playOneMinute":280153,"stat.pickup.of.gramophone":1,"stat.sneakTime":19922,"stat.pickup.rustic.chili_pepper_seeds":1,"stat.pickup.cfm.light_switch_off":1,"stat.useItem.chisel.planks-oak":302,"stat.pickup.zawa.care_guide":1,"stat.pickup.chiselsandbits.chisel_diamond":1}