{
  "minecraft:recipes/building_blocks/purple_wool": {
    "criteria": {
      "has_white_wool": "2024-06-28 19:57:10 +0000"
    },
    "done": true
  },
  "minecraft:recipes/building_blocks/lime_wool": {
    "criteria": {
      "has_white_wool": "2024-06-28 19:57:10 +0000"
    },
    "done": true
  },
  "minecraft:recipes/redstone/lever": {
    "criteria": {
      "has_cobblestone": "2024-06-28 14:30:47 +0000"
    },
    "done": true
  },
  "of:main/coffee_bean": {
    "criteria": {
      "hold_manual": "2024-06-28 19:20:25 +0000"
    },
    "done": true
  },
  "minecraft:recipes/combat/iron_sword": {
    "criteria": {
      "has_iron_ingot": "2024-06-28 16:23:03 +0000"
    },
    "done": true
  },
  "of:main/home_decoration": {
    "criteria": {
      "hold_manual": "2024-06-28 15:48:40 +0000"
    },
    "done": true
  },
  "minecraft:recipes/building_blocks/black_wool": {
    "criteria": {
      "has_white_wool": "2024-06-28 19:57:10 +0000"
    },
    "done": true
  },
  "minecraft:recipes/misc/writable_book": {
    "criteria": {
      "has_book": "2024-06-28 21:13:11 +0000"
    },
    "done": true
  },
  "minecraft:recipes/building_blocks/oak_wooden_slab": {
    "criteria": {
      "has_planks": "2024-06-28 14:30:46 +0000"
    },
    "done": true
  },
  "minecraft:recipes/redstone/spruce_door": {
    "criteria": {
      "has_planks": "2024-06-28 15:24:28 +0000"
    },
    "done": true
  },
  "minecraft:recipes/misc/wheat": {
    "criteria": {
      "has_hay_block": "2024-06-28 20:04:16 +0000"
    },
    "done": true
  },
  "minecraft:recipes/building_blocks/snow": {
    "criteria": {
      "has_snowball": "2024-06-28 16:22:38 +0000"
    },
    "done": true
  },
  "minecraft:recipes/decorations/white_bed": {
    "criteria": {
      "has_white_wool": "2024-06-28 19:57:10 +0000"
    },
    "done": true
  },
  "minecraft:recipes/building_blocks/green_wool": {
    "criteria": {
      "has_white_wool": "2024-06-28 19:57:10 +0000"
    },
    "done": true
  },
  "treasure2:recipes/pilferers_lock_pick": {
    "criteria": {
      "has_iron_ingot": "2024-06-28 16:23:03 +0000"
    },
    "done": true
  },
  "minecraft:recipes/tools/diamond_axe": {
    "criteria": {
      "has_diamond": "2024-06-28 16:30:42 +0000"
    },
    "done": true
  },
  "minecraft:recipes/tools/iron_pickaxe": {
    "criteria": {
      "has_iron_ingot": "2024-06-28 16:23:03 +0000"
    },
    "done": true
  },
  "minecraft:recipes/redstone/spruce_fence_gate": {
    "criteria": {
      "has_planks": "2024-06-28 15:24:28 +0000"
    },
    "done": true
  },
  "minecraft:recipes/misc/pumpkin_seeds": {
    "criteria": {
      "has_pumpkin": "2024-06-28 16:22:12 +0000"
    },
    "done": true
  },
  "treasure2:recipes/thiefs_lock_pick": {
    "criteria": {
      "has_iron_ingot": "2024-06-28 16:23:03 +0000"
    },
    "done": true
  },
  "minecraft:recipes/building_blocks/brown_wool": {
    "criteria": {
      "has_white_wool": "2024-06-28 19:57:10 +0000"
    },
    "done": true
  },
  "minecraft:recipes/decorations/crafting_table": {
    "criteria": {
      "has_planks": "2024-06-28 14:30:46 +0000"
    },
    "done": true
  },
  "minecraft:recipes/building_blocks/magenta_wool": {
    "criteria": {
      "has_white_wool": "2024-06-28 19:57:10 +0000"
    },
    "done": true
  },
  "minecraft:recipes/food/bread": {
    "criteria": {
      "has_wheat": "2024-06-28 20:28:09 +0000"
    },
    "done": true
  },
  "minecraft:recipes/redstone/trapdoor": {
    "criteria": {
      "has_planks": "2024-06-28 14:30:46 +0000"
    },
    "done": true
  },
  "minecraft:recipes/misc/iron_nugget": {
    "criteria": {
      "has_iron_ingot": "2024-06-28 16:23:03 +0000"
    },
    "done": true
  },
  "minecraft:recipes/decorations/chest": {
    "criteria": {
      "has_lots_of_items": "2024-06-28 14:37:26 +0000"
    },
    "done": true
  },
  "treasure2:recipes/key_ring": {
    "criteria": {
      "has_iron_ingot": "2024-06-28 16:23:03 +0000"
    },
    "done": true
  },
  "minecraft:recipes/decorations/painting": {
    "criteria": {
      "has_wool": "2024-06-28 19:57:10 +0000"
    },
    "done": true
  },
  "minecraft:recipes/redstone/wooden_pressure_plate": {
    "criteria": {
      "has_planks": "2024-06-28 14:30:46 +0000"
    },
    "done": true
  },
  "minecraft:recipes/combat/diamond_sword": {
    "criteria": {
      "has_diamond": "2024-06-28 16:30:42 +0000"
    },
    "done": true
  },
  "treasure2:recipes/treasure_tool": {
    "criteria": {
      "has_iron_ingot": "2024-06-28 16:23:03 +0000"
    },
    "done": true
  },
  "minecraft:recipes/building_blocks/cyan_wool": {
    "criteria": {
      "has_white_wool": "2024-06-28 19:57:10 +0000"
    },
    "done": true
  },
  "minecraft:recipes/tools/shears": {
    "criteria": {
      "has_iron_ingot": "2024-06-28 16:23:03 +0000"
    },
    "done": true
  },
  "minecraft:recipes/misc/stick": {
    "criteria": {
      "has_planks": "2024-06-28 14:30:46 +0000"
    },
    "done": true
  },
  "minecraft:recipes/building_blocks/stone_slab": {
    "criteria": {
      "has_stone": "2024-06-28 14:42:07 +0000"
    },
    "done": true
  },
  "minecraft:recipes/decorations/sign": {
    "criteria": {
      "has_planks": "2024-06-28 14:30:46 +0000"
    },
    "done": true
  },
  "minecraft:recipes/transportation/spruce_boat": {
    "criteria": {
      "entered_water": "2024-06-28 14:30:57 +0000"
    },
    "done": true
  },
  "minecraft:recipes/decorations/jukebox": {
    "criteria": {
      "has_diamond": "2024-06-28 16:30:42 +0000"
    },
    "done": true
  },
  "minecraft:recipes/decorations/snow_layer": {
    "criteria": {
      "has_snowball": "2024-06-28 16:22:38 +0000"
    },
    "done": true
  },
  "minecraft:recipes/building_blocks/light_blue_wool": {
    "criteria": {
      "has_white_wool": "2024-06-28 19:57:10 +0000"
    },
    "done": true
  },
  "minecraft:recipes/redstone/wooden_button": {
    "criteria": {
      "has_planks": "2024-06-28 14:30:46 +0000"
    },
    "done": true
  },
  "minecraft:recipes/tools/stone_shovel": {
    "criteria": {
      "has_cobblestone": "2024-06-28 14:30:47 +0000"
    },
    "done": true
  },
  "minecraft:recipes/building_blocks/oak_planks": {
    "criteria": {
      "has_log": "2024-06-28 15:10:26 +0000"
    },
    "done": true
  },
  "minecraft:recipes/building_blocks/emerald_block": {
    "criteria": {
      "has_at_least_9_emerald": "2024-06-28 15:58:18 +0000"
    },
    "done": true
  },
  "cfm:minekea": {
    "criteria": {
      "get_chair_or_table": "2024-06-28 20:50:06 +0000"
    },
    "done": true
  },
  "minecraft:recipes/building_blocks/gray_wool": {
    "criteria": {
      "has_white_wool": "2024-06-28 19:57:10 +0000"
    },
    "done": true
  },
  "minecraft:recipes/building_blocks/bookshelf": {
    "criteria": {
      "has_book": "2024-06-28 21:13:11 +0000"
    },
    "done": true
  },
  "minecraft:recipes/combat/iron_leggings": {
    "criteria": {
      "has_iron_ingot": "2024-06-28 16:23:03 +0000"
    },
    "done": true
  },
  "minecraft:recipes/decorations/fence": {
    "criteria": {
      "has_planks": "2024-06-28 14:30:46 +0000"
    },
    "done": true
  },
  "minecraft:recipes/redstone/dark_oak_door": {
    "criteria": {
      "has_planks": "2024-06-28 21:56:37 +0000"
    },
    "done": true
  },
  "minecraft:recipes/tools/iron_axe": {
    "criteria": {
      "has_iron_ingot": "2024-06-28 16:23:03 +0000"
    },
    "done": true
  },
  "minecraft:recipes/combat/shield": {
    "criteria": {
      "has_iron_ingot": "2024-06-28 16:23:03 +0000"
    },
    "done": true
  },
  "ferdinandsflowers:recipes/misc/b12_dark_magenta_dye_mallow": {
    "criteria": {
      "has_dark_magenta_mallow": "2024-06-28 19:20:19 +0000"
    },
    "done": true
  },
  "minecraft:recipes/building_blocks/cobblestone_slab": {
    "criteria": {
      "has_cobblestone": "2024-06-28 14:30:47 +0000"
    },
    "done": true
  },
  "minecraft:recipes/misc/bucket": {
    "criteria": {
      "has_iron_ingot": "2024-06-28 16:23:03 +0000"
    },
    "done": true
  },
  "minecraft:recipes/building_blocks/dark_oak_wooden_slab": {
    "criteria": {
      "has_planks": "2024-06-28 21:56:37 +0000"
    },
    "done": true
  },
  "minecraft:recipes/misc/iron_ingot_from_block": {
    "criteria": {
      "has_iron_block": "2024-06-28 16:22:03 +0000"
    },
    "done": true
  },
  "minecraft:recipes/combat/iron_boots": {
    "criteria": {
      "has_iron_ingot": "2024-06-28 16:23:03 +0000"
    },
    "done": true
  },
  "ferdinandsflowers:recipes/misc/9b_lime_dye_clover": {
    "criteria": {
      "has_lime_clover": "2024-06-28 14:37:26 +0000"
    },
    "done": true
  },
  "minecraft:recipes/redstone/hopper": {
    "criteria": {
      "has_iron_ingot": "2024-06-28 16:23:03 +0000"
    },
    "done": true
  },
  "cfm:modern_technology": {
    "criteria": {
      "placed_computer": "2024-06-28 15:57:39 +0000"
    },
    "done": true
  },
  "minecraft:adventure/summon_iron_golem": {
    "criteria": {
      "summoned_golem": "2024-06-28 16:22:29 +0000"
    },
    "done": true
  },
  "tombstone:tutorial/info_grave_key": {
    "criteria": {
      "grave_key": "2024-06-28 14:37:42 +0000"
    },
    "done": true
  },
  "minecraft:recipes/building_blocks/spruce_wooden_slab": {
    "criteria": {
      "has_planks": "2024-06-28 15:24:28 +0000"
    },
    "done": true
  },
  "minecraft:recipes/redstone/fence_gate": {
    "criteria": {
      "has_planks": "2024-06-28 14:30:46 +0000"
    },
    "done": true
  },
  "minecraft:recipes/redstone/birch_fence_gate": {
    "criteria": {
      "has_planks": "2024-06-28 15:27:46 +0000"
    },
    "done": true
  },
  "ferdinandsflowers:recipes/misc/b9b_purple_magenta_dye_salvia": {
    "criteria": {
      "has_purple_magenta_salvia": "2024-06-28 19:20:20 +0000"
    },
    "done": true
  },
  "minecraft:recipes/redstone/stone_button": {
    "criteria": {
      "has_stone": "2024-06-28 14:42:07 +0000"
    },
    "done": true
  },
  "minecraft:recipes/decorations/white_banner": {
    "criteria": {
      "has_white_wool": "2024-06-28 19:57:10 +0000"
    },
    "done": true
  },
  "minecraft:recipes/combat/iron_chestplate": {
    "criteria": {
      "has_iron_ingot": "2024-06-28 16:23:03 +0000"
    },
    "done": true
  },
  "minecraft:recipes/building_blocks/yellow_wool": {
    "criteria": {
      "has_white_wool": "2024-06-28 19:57:10 +0000"
    },
    "done": true
  },
  "cfm:dingdong": {
    "criteria": {
      "clicked_doorbell": "2024-06-28 15:48:26 +0000"
    },
    "done": true
  },
  "minecraft:recipes/combat/iron_helmet": {
    "criteria": {
      "has_iron_ingot": "2024-06-28 16:23:03 +0000"
    },
    "done": true
  },
  "cfm:buy_item": {
    "criteria": {
      "minebay_purchase": "2024-06-28 15:58:20 +0000"
    },
    "done": true
  },
  "minecraft:recipes/redstone/tnt": {
    "criteria": {
      "has_gunpowder": "2024-06-28 19:19:05 +0000"
    },
    "done": true
  },
  "tombstone:tutorial/root": {
    "criteria": {
      "auto": "2024-06-28 14:29:25 +0000"
    },
    "done": true
  },
  "minecraft:adventure/kill_a_mob": {
    "criteria": {
      "enderman": "2024-06-28 15:59:16 +0000"
    },
    "done": true
  },
  "of:main/coffee_table": {
    "criteria": {
      "hold_manual": "2024-06-28 15:51:23 +0000"
    },
    "done": true
  },
  "minecraft:recipes/decorations/iron_bars": {
    "criteria": {
      "has_iron_ingot": "2024-06-28 16:23:03 +0000"
    },
    "done": true
  },
  "minecraft:recipes/building_blocks/blue_wool": {
    "criteria": {
      "has_white_wool": "2024-06-28 19:57:10 +0000"
    },
    "done": true
  },
  "minecraft:recipes/combat/diamond_chestplate": {
    "criteria": {
      "has_diamond": "2024-06-28 16:30:42 +0000"
    },
    "done": true
  },
  "minecraft:story/mine_stone": {
    "criteria": {
      "get_stone": "2024-06-28 14:30:47 +0000"
    },
    "done": true
  },
  "minecraft:recipes/decorations/furnace": {
    "criteria": {
      "has_cobblestone": "2024-06-28 14:30:47 +0000"
    },
    "done": true
  },
  "minecraft:recipes/transportation/minecart": {
    "criteria": {
      "has_iron_ingot": "2024-06-28 16:23:03 +0000"
    },
    "done": true
  },
  "minecraft:recipes/brewing/cauldron": {
    "criteria": {
      "has_water_bucket": "2024-06-28 14:58:37 +0000"
    },
    "done": true
  },
  "minecraft:adventure/adventuring_time": {
    "criteria": {
      "swampland": "2024-06-28 16:24:43 +0000",
      "deep_ocean": "2024-06-28 15:15:35 +0000",
      "beaches": "2024-06-28 14:31:03 +0000",
      "ocean": "2024-06-28 14:30:20 +0000",
      "roofed_forest": "2024-06-28 14:33:15 +0000",
      "river": "2024-06-28 14:30:19 +0000"
    },
    "done": false
  },
  "minecraft:recipes/redstone/iron_door": {
    "criteria": {
      "has_iron_ingot": "2024-06-28 16:23:03 +0000"
    },
    "done": true
  },
  "minecraft:recipes/combat/diamond_leggings": {
    "criteria": {
      "has_diamond": "2024-06-28 16:30:42 +0000"
    },
    "done": true
  },
  "minecraft:recipes/building_blocks/birch_wooden_slab": {
    "criteria": {
      "has_planks": "2024-06-28 15:27:46 +0000"
    },
    "done": true
  },
  "minecraft:recipes/building_blocks/spruce_planks": {
    "criteria": {
      "has_log": "2024-06-28 21:34:47 +0000"
    },
    "done": true
  },
  "minecraft:recipes/building_blocks/orange_wool": {
    "criteria": {
      "has_white_wool": "2024-06-28 19:57:10 +0000"
    },
    "done": true
  },
  "minecraft:recipes/tools/iron_hoe": {
    "criteria": {
      "has_iron_ingot": "2024-06-28 16:23:03 +0000"
    },
    "done": true
  },
  "minecraft:recipes/building_blocks/stone_brick_slab": {
    "criteria": {
      "has_stonebrick": "2024-06-28 20:23:18 +0000"
    },
    "done": true
  },
  "minecraft:recipes/transportation/birch_boat": {
    "criteria": {
      "entered_water": "2024-06-28 14:30:57 +0000"
    },
    "done": true
  },
  "casinocraft:recipes/cardtable_wide_red": {
    "criteria": {
      "has_cardtable_base_red": "2024-06-28 21:12:26 +0000"
    },
    "done": true
  },
  "minecraft:recipes/combat/stone_sword": {
    "criteria": {
      "has_cobblestone": "2024-06-28 14:30:47 +0000"
    },
    "done": true
  },
  "minecraft:recipes/building_blocks/oak_stairs": {
    "criteria": {
      "has_planks": "2024-06-28 14:30:46 +0000"
    },
    "done": true
  },
  "minecraft:recipes/decorations/cobblestone_wall": {
    "criteria": {
      "has_cobblestone": "2024-06-28 14:30:47 +0000"
    },
    "done": true
  },
  "cfm:install": {
    "criteria": {
      "tick": "2024-06-28 14:29:26 +0000"
    },
    "done": true
  },
  "minecraft:recipes/transportation/acacia_boat": {
    "criteria": {
      "entered_water": "2024-06-28 14:30:57 +0000"
    },
    "done": true
  },
  "minecraft:recipes/tools/iron_shovel": {
    "criteria": {
      "has_iron_ingot": "2024-06-28 16:23:03 +0000"
    },
    "done": true
  },
  "minecraft:recipes/tools/stone_pickaxe": {
    "criteria": {
      "has_cobblestone": "2024-06-28 14:30:47 +0000"
    },
    "done": true
  },
  "minecraft:recipes/redstone/iron_trapdoor": {
    "criteria": {
      "has_iron_ingot": "2024-06-28 16:23:03 +0000"
    },
    "done": true
  },
  "minecraft:adventure/root": {
    "criteria": {
      "killed_something": "2024-06-28 14:30:07 +0000"
    },
    "done": true
  },
  "minecraft:recipes/redstone/stone_pressure_plate": {
    "criteria": {
      "has_stone": "2024-06-28 14:42:07 +0000"
    },
    "done": true
  },
  "ferdinandsflowers:recipes/misc/b11b_magenta_pink_dye_clover": {
    "criteria": {
      "has_magenta_pink_clover": "2024-06-28 19:20:21 +0000"
    },
    "done": true
  },
  "minecraft:husbandry/plant_seed": {
    "criteria": {
      "wheat": "2024-06-28 20:26:07 +0000"
    },
    "done": true
  },
  "minecraft:recipes/transportation/boat": {
    "criteria": {
      "entered_water": "2024-06-28 14:30:57 +0000"
    },
    "done": true
  },
  "minecraft:recipes/transportation/jungle_boat": {
    "criteria": {
      "entered_water": "2024-06-28 14:30:57 +0000"
    },
    "done": true
  },
  "minecraft:recipes/misc/bowl": {
    "criteria": {
      "has_red_mushroom": "2024-06-28 21:31:17 +0000"
    },
    "done": true
  },
  "ferdinandsflowers:recipes/misc/b13b_dark_pink_dye_clover": {
    "criteria": {
      "has_dark_pink_clover": "2024-06-28 14:37:27 +0000"
    },
    "done": true
  },
  "minecraft:recipes/building_blocks/birch_stairs": {
    "criteria": {
      "has_planks": "2024-06-28 15:27:46 +0000"
    },
    "done": true
  },
  "minecraft:recipes/redstone/heavy_weighted_pressure_plate": {
    "criteria": {
      "has_iron_ingot": "2024-06-28 16:23:03 +0000"
    },
    "done": true
  },
  "minecraft:recipes/building_blocks/diamond_block": {
    "criteria": {
      "has_at_least_9_diamond": "2024-06-28 16:30:44 +0000"
    },
    "done": true
  },
  "minecraft:recipes/tools/stone_hoe": {
    "criteria": {
      "has_cobblestone": "2024-06-28 14:30:47 +0000"
    },
    "done": true
  },
  "minecraft:recipes/transportation/dark_oak_boat": {
    "criteria": {
      "entered_water": "2024-06-28 14:30:57 +0000"
    },
    "done": true
  },
  "minecraft:recipes/decorations/spruce_fence": {
    "criteria": {
      "has_planks": "2024-06-28 15:24:28 +0000"
    },
    "done": true
  },
  "minecraft:recipes/food/pumpkin_pie": {
    "criteria": {
      "has_pumpkin": "2024-06-28 16:22:12 +0000"
    },
    "done": true
  },
  "minecraft:recipes/tools/diamond_pickaxe": {
    "criteria": {
      "has_diamond": "2024-06-28 16:30:42 +0000"
    },
    "done": true
  },
  "minecraft:recipes/tools/diamond_hoe": {
    "criteria": {
      "has_diamond": "2024-06-28 16:30:42 +0000"
    },
    "done": true
  },
  "minecraft:recipes/building_blocks/pink_wool": {
    "criteria": {
      "has_white_wool": "2024-06-28 19:57:10 +0000"
    },
    "done": true
  },
  "cfm:appliance_city": {
    "criteria": {
      "place_appliance": "2024-06-28 15:57:39 +0000"
    },
    "done": true
  },
  "minecraft:adventure/kill_all_mobs": {
    "criteria": {
      "creeper": "2024-06-28 19:19:04 +0000",
      "enderman": "2024-06-28 15:59:16 +0000"
    },
    "done": false
  },
  "minecraft:recipes/tools/diamond_shovel": {
    "criteria": {
      "has_diamond": "2024-06-28 16:30:42 +0000"
    },
    "done": true
  },
  "minecraft:recipes/building_blocks/dark_oak_stairs": {
    "criteria": {
      "has_planks": "2024-06-28 21:56:37 +0000"
    },
    "done": true
  },
  "ferdinandsflowers:recipes/misc/b15_pink_dye_hawthorne": {
    "criteria": {
      "has_pink_hawthorne": "2024-06-28 14:37:26 +0000"
    },
    "done": true
  },
  "minecraft:recipes/building_blocks/lit_pumpkin": {
    "criteria": {
      "has_pumpkin": "2024-06-28 16:22:12 +0000"
    },
    "done": true
  },
  "minecraft:recipes/building_blocks/stonebrick": {
    "criteria": {
      "has_stone": "2024-06-28 14:42:07 +0000"
    },
    "done": true
  },
  "tombstone:recipes/from_decorative_grave": {
    "criteria": {
      "has_ingredient": "2024-06-28 14:37:42 +0000"
    },
    "done": true
  },
  "minecraft:recipes/decorations/white_carpet": {
    "criteria": {
      "has_white_wool": "2024-06-28 19:57:10 +0000"
    },
    "done": true
  },
  "minecraft:recipes/building_blocks/spruce_stairs": {
    "criteria": {
      "has_planks": "2024-06-28 15:24:28 +0000"
    },
    "done": true
  },
  "minecraft:recipes/building_blocks/stone_stairs": {
    "criteria": {
      "has_cobblestone": "2024-06-28 14:30:47 +0000"
    },
    "done": true
  },
  "minecraft:recipes/redstone/dark_oak_fence_gate": {
    "criteria": {
      "has_planks": "2024-06-28 21:56:37 +0000"
    },
    "done": true
  },
  "cfm:root": {
    "criteria": {
      "tick": "2024-06-28 14:29:26 +0000"
    },
    "done": true
  },
  "wolfarmor:recipes/combat/diamond_wolf_armor": {
    "criteria": {
      "has_the_ingredients": "2024-06-28 16:30:44 +0000"
    },
    "done": true
  },
  "tombstone:tutorial/first_grave": {
    "criteria": {
      "coded_trigger": "2024-06-28 14:37:42 +0000"
    },
    "done": true
  },
  "minecraft:recipes/redstone/birch_door": {
    "criteria": {
      "has_planks": "2024-06-28 15:27:46 +0000"
    },
    "done": true
  },
  "minecraft:recipes/decorations/dark_oak_fence": {
    "criteria": {
      "has_planks": "2024-06-28 21:56:37 +0000"
    },
    "done": true
  },
  "minecraft:recipes/combat/diamond_boots": {
    "criteria": {
      "has_diamond": "2024-06-28 16:30:42 +0000"
    },
    "done": true
  },
  "of:main/candle": {
    "criteria": {
      "hold_manual": "2024-06-28 16:14:46 +0000"
    },
    "done": true
  },
  "minecraft:story/mine_diamond": {
    "criteria": {
      "diamond": "2024-06-28 16:30:42 +0000"
    },
    "done": true
  },
  "ferdinandsflowers:recipes/misc/b13_dark_pink_dye_quince": {
    "criteria": {
      "has_dark_pink_quince": "2024-06-28 14:37:25 +0000"
    },
    "done": true
  },
  "minecraft:recipes/combat/diamond_helmet": {
    "criteria": {
      "has_diamond": "2024-06-28 16:30:42 +0000"
    },
    "done": true
  },
  "minecraft:recipes/building_blocks/light_gray_wool": {
    "criteria": {
      "has_white_wool": "2024-06-28 19:57:10 +0000"
    },
    "done": true
  },
  "minecraft:recipes/building_blocks/red_wool": {
    "criteria": {
      "has_white_wool": "2024-06-28 19:57:10 +0000"
    },
    "done": true
  },
  "minecraft:story/smelt_iron": {
    "criteria": {
      "iron": "2024-06-28 16:23:03 +0000"
    },
    "done": true
  },
  "minecraft:recipes/decorations/anvil": {
    "criteria": {
      "has_iron_block": "2024-06-28 16:22:03 +0000"
    },
    "done": true
  },
  "minecraft:recipes/tools/stone_axe": {
    "criteria": {
      "has_cobblestone": "2024-06-28 14:30:47 +0000"
    },
    "done": true
  },
  "casinocraft:recipes/cardtable_base_white": {
    "criteria": {
      "has_wool": "2024-06-28 19:57:10 +0000"
    },
    "done": true
  },
  "minecraft:recipes/redstone/wooden_door": {
    "criteria": {
      "has_planks": "2024-06-28 14:30:46 +0000"
    },
    "done": true
  },
  "minecraft:recipes/decorations/birch_fence": {
    "criteria": {
      "has_planks": "2024-06-28 15:27:46 +0000"
    },
    "done": true
  },
  "minecraft:recipes/building_blocks/chiseled_stonebrick": {
    "criteria": {
      "has_stonebrick": "2024-06-28 20:23:18 +0000"
    },
    "done": true
  },
  "minecraft:recipes/building_blocks/stone_brick_stairs": {
    "criteria": {
      "has_stonebrick": "2024-06-28 20:23:18 +0000"
    },
    "done": true
  }
}